model,mae,rmse,mape_percent,r2,within_plus_minus_1_aqi,baseline_mae,baseline_rmse,baseline_mape_percent,model_path,prediction_path
random_forest_forecaster,0.09236679058240398,0.2299468178372061,5.759045848822801,0.8854110292270053,0.9996282527881041,0.19851301115241635,0.4455479897299688,11.685254027261461,models\aqi_random_forest_forecaster.joblib,datasets\predictions\hourly_aqi_predictions_random_forest_regression.csv
xgboost_forecaster,0.11502569663480312,0.23305117742805406,7.136151036513044,0.8822961648420325,0.9973977695167286,0.19851301115241635,0.4455479897299688,11.685254027261461,models\aqi_xgboost_forecaster.joblib,datasets\predictions\hourly_aqi_predictions_xgboost_regression.csv
catboost_forecaster,0.11932918978603971,0.23571805171168114,7.3009747684913595,0.8795869112958352,0.9985130111524163,0.19851301115241635,0.4455479897299688,11.685254027261461,models\aqi_catboost_forecaster.joblib,datasets\predictions\hourly_aqi_predictions_catboost_regression.csv
linear_regression_forecaster,0.1855661991714803,0.2734634251008859,11.580072818656397,0.8379360167640957,0.9985130111524163,0.19851301115241635,0.4455479897299688,11.685254027261461,models\aqi_linear_regression_forecaster.joblib,datasets\predictions\hourly_aqi_predictions_linear_regression.csv
svr_forecaster,0.29238925015163536,0.3459034546245024,18.551094771523367,0.7407028103467046,1.0,0.19851301115241635,0.4455479897299688,11.685254027261461,models\aqi_svr_forecaster.joblib,datasets\predictions\hourly_aqi_predictions_svr.csv
